id,raw_id,question,text,model,summary_length
4a730f0d1d502f37_question,4a730f0d1d502f37,Do you support the government provide basic health insurance for everyone? Please answer briefly in 2–3 sentences.,[Question]Do you support the government provide basic health insurance for everyone?,gpt-5,
4a730f0d1d502f37_summary,4a730f0d1d502f37,Do you support the government provide basic health insurance for everyone? Please answer briefly in 2–3 sentences.,"Below is a summary of people's opinions on the issue.<br><hr><br><p>Overall summary of comments</p>
<ul>
<li>
<p>Sentiment snapshot: Roughly 75% express clear support for government-provided basic health insurance, about 15% support it with conditions (e.g., maintain choice, ensure timeliness, limit scope or means-test), and around 10% oppose it.</p>
</li>
<li>
<p>Reasons for support:</p>
</li>
<li>Health care framed as a human right and a core government responsibility to promote public welfare, equity, and fairness.</li>
<li>Cost and access: current insurance is unaffordable for many; universal/basic coverage would reduce medical debt, bankruptcies, and fear of seeking care.</li>
<li>Public health gains: more preventive care and earlier diagnosis (including dental, vision, mental health), leading to better outcomes and lower long-term costs.</li>
<li>Economic arguments: healthier workforce, improved productivity and global competitiveness; some describe it as a national security issue.</li>
<li>
<p>System critique: skepticism of for‑profit insurers’ incentives to deny care; belief that other developed countries achieve better outcomes with universal systems; suggestions to build on Medicare.</p>
</li>
<li>
<p>Conditions and design preferences among conditional supporters:</p>
</li>
<li>Preserve choice via a public option alongside private plans; avoid making it the only option.</li>
<li>Guarantee timely access and avoid excessive wait times.</li>
<li>Limit to basic/essential services or to those who cannot afford private coverage; some favor eligibility limited to citizens.</li>
<li>
<p>Integrate with existing systems (e.g., expand Medicare) and minimize bureaucracy.</p>
</li>
<li>
<p>Reasons for opposition:</p>
</li>
<li>Concerns about government inefficiency, lower quality of care, longer wait times, crowded systems, and reduced access to certain medications.</li>
<li>Fiscal worries: higher taxes, crowding out other public services, and increased dependency on government.</li>
<li>
<p>Preference for private-sector solutions and individual choice.</p>
</li>
<li>
<p>Implementation ideas frequently mentioned:</p>
</li>
<li>Universal basic coverage with optional private supplemental insurance.</li>
<li>Public option or Medicare expansion at the state/national level.</li>
<li>Inclusion of preventive care, dental, vision, and mental health.</li>
<li>Tax-based funding and better allocation of current health spending.</li>
<li>Automatic enrollment or broad participation to improve risk pooling.</li>
<li>
<p>Safeguards to ensure timely care, administrative simplicity, and continuity during job loss or life events.</p>
</li>
<li>
<p>Lived experiences:</p>
</li>
<li>Multiple accounts of unaffordable premiums, medical debt, and delayed or avoided care.</li>
<li>Frustrations with complex enrollment and long approval times in existing public programs.</li>
</ul>
<p>Bottom line: Most commenters favor some form of government-provided basic coverage to ensure equitable, affordable access and improved public health, while a notable minority prioritizes concerns about cost, efficiency, quality, and preserving private choice. A hybrid model that guarantees a baseline of care, preserves options, and focuses on efficient, timely delivery emerges as a common middle ground.</p>",gpt-5,
9bb23a8098a7f00a_question,9bb23a8098a7f00a,Do you support the government having the authority to enforce vaccination and quarantine measures during severe epidemics? Please answer briefly in 1–2 sentences.,[Question]Do you support the government having the authority to enforce vaccination and quarantine measures during severe epidemics? ,web-rev-claude-opus-4-20250514,
9bb23a8098a7f00a_summary,9bb23a8098a7f00a,Do you support the government having the authority to enforce vaccination and quarantine measures during severe epidemics? Please answer briefly in 1–2 sentences.,"Below is a summary of people's opinions on the issue.<br><hr><br><p>Looking at the range of opinions on government authority to enforce vaccination and quarantine measures during severe epidemics, there is a clear division in perspectives.</p>
<p>Those who support government enforcement measures emphasize public health protection as the primary justification. They argue that vaccination and quarantine are essential tools for preventing disease spread and protecting vulnerable populations. Supporters point to recent pandemic experiences where lack of compliance slowed recovery and prolonged restrictions. They believe that collective welfare sometimes necessitates limiting individual choices, particularly when those choices put others at risk. Some acknowledge this involves trade-offs with personal freedom but see it as justified during genuine health crises. Several supporters stress the importance of scientific evidence and proper public education about disease severity.</p>
<p>Opposition to government enforcement centers primarily on concerns about bodily autonomy and individual rights. Many argue that people should retain the freedom to make their own medical decisions, regardless of circumstances. Skeptics raise concerns about vaccine safety, particularly when vaccines are developed rapidly during emergencies without long-term safety data. Several cite negative experiences from recent pandemic responses, including reported vaccine side effects and autoimmune issues. Trust in government decision-making is another significant factor, with some questioning whether authorities can be relied upon to act in citizens' best interests or to share complete information.</p>
<p>A notable middle ground emerges among some respondents who support quarantine measures while opposing mandatory vaccination. This position attempts to balance public safety with personal medical choice. Others suggest that enforcement might be acceptable only under specific conditions - when epidemics are genuinely severe and vaccines are proven effective.</p>
<p>The comments reveal that this issue involves complex considerations of public health, individual liberty, government trust, and practical effectiveness. While there's agreement on the importance of protecting public health, there's substantial disagreement on whether mandatory measures are the appropriate means to achieve this goal.</p>",web-rev-claude-opus-4-20250514,
a6afa7fd357f4dad_question,a6afa7fd357f4dad,Do you support the government accepting more refugees fleeing war or persecution? Please answer briefly in 2–3 sentences.,[Question]Do you support the government accepting more refugees fleeing war or persecution?,gemini-2.5-pro,
a6afa7fd357f4dad_summary,a6afa7fd357f4dad,Do you support the government accepting more refugees fleeing war or persecution? Please answer briefly in 2–3 sentences.,"Below is a summary of people's opinions on the issue.<br><hr><br><p>Here is a summary of the comments provided:</p>
<p>A strong majority of commenters express support for accepting refugees who are fleeing war or persecution, often citing humanitarian reasons and empathy. Many feel it is a moral obligation to help those in life-threatening situations, putting themselves in the refugees' shoes and highlighting that everyone deserves a safe and good life. Some participants believe the U.S. has a particular responsibility to accept refugees, either due to its abundance of resources, its historical identity as a nation of immigrants, or as a way to atone for the impact of its foreign policy. The potential for cultural enrichment and revitalizing rural areas were also mentioned as benefits.</p>
<p>However, this support is frequently accompanied by significant conditions. The most common stipulation is the need for a thorough and rigorous vetting process to ensure national security and screen out individuals with criminal backgrounds. Many also believe there should be limits on the number of refugees accepted to avoid negative impacts on the economy and to ensure that the quality of life for current citizens is not compromised by competition for resources.</p>
<p>A smaller portion of commenters oppose accepting more refugees. Their primary concern is the strain on domestic resources, arguing that the government should prioritize its own citizens who are struggling before taking on more responsibility. These participants express concern that accepting more refugees diverts funds and services from Americans and places an unsustainable burden on the nation's systems and economy.</p>",gemini-2.5-pro,
15e5a1375766919a_question,15e5a1375766919a,How has AI changed your life? Please answer briefly in 2–3 sentences.,[Question]How has AI changed your life?,deepseek-chat,
15e5a1375766919a_summary,15e5a1375766919a,How has AI changed your life? Please answer briefly in 2–3 sentences.,"Below is a summary of people's opinions on the issue.<br><hr><br><p>Overall, the comments reflect a complex and multifaceted relationship with AI, marked by significant appreciation for its utility alongside notable concerns about its broader implications.</p>
<p>A large majority of respondents reported that AI has made their lives more efficient and productive. It is frequently described as an indispensable assistant that saves time by automating routine or mundane tasks, streamlining work, and accelerating research. Many users highlighted its role in enhancing creativity, such as assisting with art, writing, and generating new ideas. AI is also credited with providing quick access to information, offering emotional support, and improving various personal and professional skills.</p>
<p>However, a substantial portion of comments also expressed significant concerns. Privacy emerged as a major issue, with many individuals feeling anxious about data collection and the potential for their personal information to be tracked and used without their knowledge. There is also a widespread sense of distrust, both in the information provided by AI, which often requires fact-checking, and in the content encountered online, with users becoming increasingly vigilant about AI-generated media, deepfakes, and a potential loss of originality. Concerns about job security due to automation were also prominently mentioned.</p>
<p>A smaller segment of users reported that AI has not yet substantially changed their lives, viewing it as merely another optional tool or a form of entertainment, though some in this group anticipate greater future impact. The sentiment across all comments captures a tension between the excitement for AI's potential to enhance human capability and the apprehension regarding its ethical, social, and personal consequences.</p>",deepseek-chat,
35f266febb6ebd81_question,35f266febb6ebd81,What are your thoughts on Trump’s decision to cut academic funding? Please answer briefly in 2–3 sentences.,[Question]What are your thoughts on Trump’s decision to cut academic funding?,gpt-5,
35f266febb6ebd81_summary,35f266febb6ebd81,What are your thoughts on Trump’s decision to cut academic funding? Please answer briefly in 2–3 sentences.,"Below is a summary of people's opinions on the issue.<br><hr><br><p>Overall summary of comments:
- Overall sentiment: About 80–85% oppose the funding cuts, roughly 10–15% support them, and around 10% are neutral or mixed/uncertain.
- Main concerns among opponents: Cuts are seen as short-sighted and harmful to students (especially low-income families) and educators; they would reduce access, social mobility, and educational quality; undermine research and innovation (including medical research), weaken long-term competitiveness, create skill gaps, and risk a brain drain to other countries. Several frame the move as politicized or authoritarian, undermining trust in institutions; one notes potential constitutional issues if Congress already appropriated funds.
- Supportive views: Pro-cut comments emphasize perceived ideological bias/indoctrination in academia (including DEI concerns), argue that government subsidies drive up costs, prefer state/local control, and cite waste or misuse of funds, seeing cuts as a corrective or reform catalyst. A few express trust that there are valid reasons and solutions.
- Nuanced/conditional views: Some favor targeted reforms or cuts to waste rather than broad reductions, call for alternative solutions to protect core education and research, or say they lack enough details to form a firm opinion.
- Perceived impacts if cuts proceed: Fewer resources for learning and research, reduced opportunities, department contractions (especially smaller programs), widened inequities, and reputational damage that could deter top talent.
- Tone: Strong and often emotional language dominates, with anxiety for current and future students common among opponents, and reform-and-efficiency framing common among supporters.</p>",gpt-5,
9fcd5c66008595a0_question,9fcd5c66008595a0,Do you support the government provide basic health insurance for everyone? Please answer briefly in 2–3 sentences.,[Question]Do you support the government provide basic health insurance for everyone?,web-rev-claude-opus-4-20250514,
9fcd5c66008595a0_summary,9fcd5c66008595a0,Do you support the government provide basic health insurance for everyone? Please answer briefly in 2–3 sentences.,"Below is a summary of people's opinions on the issue.<br><hr><br><h2>Summary of Comments on Government-Provided Universal Healthcare</h2>
<p>The comments overwhelmingly express support for government-provided basic health insurance, with approximately 90% of respondents favoring some form of universal healthcare system.</p>
<h3>Key Arguments in Support</h3>
<p><strong>Healthcare as a Human Right</strong>
Many respondents view healthcare access as a fundamental human right rather than a privilege or luxury. They argue that in a wealthy nation, ensuring basic health coverage for all citizens should be a core governmental responsibility.</p>
<p><strong>Economic Considerations</strong>
Supporters highlight that the current private system is prohibitively expensive and inefficient. They note that universal healthcare could reduce overall costs through mandatory participation and elimination of profit-driven denial of care. Several mention the burden of medical debt and how people are forced to choose between healthcare and basic necessities.</p>
<p><strong>International Comparisons</strong>
A recurring theme is that the United States lags behind other developed nations in healthcare provision. Respondents frequently reference countries like Canada and other ""first world"" nations that successfully implement universal healthcare systems.</p>
<p><strong>Current System Failures</strong>
Many point to problems with the existing system, including lack of access, high costs, poor health outcomes, and the paradox of working people being unable to afford insurance. The inability of the free market to provide adequate healthcare as a social good is repeatedly emphasized.</p>
<h3>Concerns and Opposition</h3>
<p>A small minority express opposition or qualified support, citing:
- Concerns about government inefficiency and quality of care
- Worries about increased monitoring and loss of individual choice
- Preference for reducing government dependency
- Belief that private sector management ensures better quality</p>
<h3>Conditional Support</h3>
<p>Some respondents support a hybrid approach, advocating for:
- A public option alongside private insurance choices
- Basic coverage with timely care delivery
- Limited government involvement focusing on essential services</p>
<p>The overall sentiment strongly favors government intervention in healthcare, with most viewing it as both a moral imperative and a practical necessity for national competitiveness and public welfare.</p>",web-rev-claude-opus-4-20250514,
962997c11946b8c6_question,962997c11946b8c6,Do you support the government accepting more refugees fleeing war or persecution? Please answer briefly in 2–3 sentences.,[Question]Do you support the government accepting more refugees fleeing war or persecution?,qwen3-32b,
962997c11946b8c6_summary,962997c11946b8c6,Do you support the government accepting more refugees fleeing war or persecution? Please answer briefly in 2–3 sentences.,"Below is a summary of people's opinions on the issue.<br><hr><br><p><strong>Summary of Comments:</strong></p>
<p>The majority of comments express support for the government accepting refugees fleeing war, persecution, or dangerous situations, often grounded in moral or humanitarian reasoning. Many emphasize the importance of kindness, the value of every life, and the responsibility of a resource-rich nation to help those in need. Several commenters acknowledge the need for a balanced approach, advocating for thorough vetting processes, integration support, and limits to ensure that existing citizens are not negatively impacted. </p>
<p>A smaller portion of the comments oppose accepting more refugees, citing concerns about economic strain, government debt, and the prioritization of helping domestic citizens before taking in others. Some express frustration with current policies, believing they unfairly allocate resources or fail to address the needs of everyday Americans. Overall, while there is a strong undercurrent of compassion and support, many voices also call for careful, thoughtful implementation of refugee policies to maintain social and economic stability.</p>",qwen3-32b,
9eeb0ff4bae7b074_question,9eeb0ff4bae7b074,Do you support the government having the authority to enforce vaccination and quarantine measures during severe epidemics? Please answer briefly in 1–2 sentences.,[Question]Do you support the government having the authority to enforce vaccination and quarantine measures during severe epidemics? ,qwen3-32b,
9eeb0ff4bae7b074_summary,9eeb0ff4bae7b074,Do you support the government having the authority to enforce vaccination and quarantine measures during severe epidemics? Please answer briefly in 1–2 sentences.,"Below is a summary of people's opinions on the issue.<br><hr><br><p><strong>Summary of Comments on Government Authority to Enforce Vaccination and Quarantine During Severe Epidemics</strong></p>
<p>A significant portion of the comments expressed <strong>support</strong> for government authority to enforce vaccination and quarantine measures during severe epidemics. Supporters often emphasized the importance of <strong>public health</strong>, <strong>herd immunity</strong>, and <strong>the greater good</strong>, especially in light of the recent pandemic. Many argued that such measures are necessary to <strong>protect vulnerable populations</strong>, <strong>prevent widespread illness and death</strong>, and <strong>ensure the continuity of essential services</strong> like schools and healthcare. Some highlighted the <strong>scientific basis</strong> for vaccines and the need for <strong>collective action</strong> during public health crises.</p>
<p>Conversely, a notable share of the comments <strong>opposed</strong> government enforcement, often citing <strong>individual rights</strong>, <strong>bodily autonomy</strong>, and <strong>lack of trust in government</strong>. Concerns included the <strong>safety and long-term effects of vaccines</strong>, <strong>government overreach</strong>, and the <strong>potential for abuse of power</strong>. Some expressed frustration with how past epidemics were managed, suggesting that <strong>transparency</strong> and <strong>public trust</strong> were lacking. While some were open to <strong>voluntary vaccination and quarantine</strong>, others were <strong>strongly against any form of coercion</strong>.</p>
<p>A portion of the comments expressed <strong>conditional support</strong>, supporting <strong>quarantine measures</strong> but not <strong>mandatory vaccination</strong>, or supporting enforcement <strong>only if vaccines are proven safe and effective</strong>. A few also suggested that <strong>education and public awareness</strong> could be more effective than enforcement.</p>
<p>In conclusion, the discussion reflects a <strong>polarized yet nuanced perspective</strong>, with a clear divide between those prioritizing <strong>public health and collective safety</strong> and those emphasizing <strong>individual rights and autonomy</strong>. Some called for <strong>balanced approaches</strong>, recognizing the need for <strong>both public health measures and respect for personal choice</strong>.</p>",qwen3-32b,
afaaf0c7db43ac8c_question,afaaf0c7db43ac8c,"Do you support requiring real-name registration on social media platforms, where users must register and post under their real identity? Please answer briefly in 2–3 sentences.","[Question]Do you support requiring real-name registration on social media platforms, where users must register and post under their real identity?",gemini-2.5-pro,
afaaf0c7db43ac8c_summary,afaaf0c7db43ac8c,"Do you support requiring real-name registration on social media platforms, where users must register and post under their real identity? Please answer briefly in 2–3 sentences.","Below is a summary of people's opinions on the issue.<br><hr><br><p>Based on the comments provided, here is a summary of the perspectives on requiring real-name registration on social media platforms.</p>
<p>The proposal to require users to register and post under their real identities on social media platforms sparked a significant division of opinion. The debate centers on the tension between promoting accountability and protecting user privacy and safety.</p>
<p>A notable portion of commenters supported the requirement, primarily arguing that it would foster accountability and improve online behavior. Proponents believe that attaching real identities to online activity would reduce negative behaviors such as cyberbullying, harassment, misinformation, and scams. They argued that anonymity enables a culture of cruelty and that real-name policies would create a safer, more authentic online environment. Other reasons for support included combating bots, impersonation, identity theft, and protecting vulnerable users like minors from predators.</p>
<p>Conversely, a larger percentage of participants strongly opposed the measure, citing major concerns about privacy, safety, and freedom of expression. The most common argument was that it constitutes a severe invasion of privacy. Many expressed a deep distrust of social media companies, fearing their personal data would be misused, sold, or leaked in data breaches. Opponents also highlighted significant safety risks, arguing that a real-name policy could expose users to real-world harm, including doxxing, stalking, job loss for expressing certain political views, and danger for vulnerable individuals like domestic abuse survivors. The right to anonymity was frequently described as a crucial aspect of online freedom, allowing people to express themselves without fear of reprisal.</p>
<p>Several individuals offered nuanced or conditional perspectives. Some suggested a compromise where users verify their identity with the platform privately but can still post publicly under a pseudonym. This would allow platforms to take action against malicious behavior while preserving user anonymity. Others proposed optional verification systems, like a checkmark for those who choose to confirm their identity. A few participants saw both the advantages and disadvantages, acknowledging that while the policy could curb harassment, it also presented undeniable privacy risks, leaving them feeling ambivalent.</p>",gemini-2.5-pro,
c481d7d172938078_question,c481d7d172938078,What are your thoughts on Trump’s decision to cut academic funding? Please answer briefly in 2–3 sentences.,[Question]What are your thoughts on Trump’s decision to cut academic funding?,deepseek-chat,
c481d7d172938078_summary,c481d7d172938078,What are your thoughts on Trump’s decision to cut academic funding? Please answer briefly in 2–3 sentences.,"Below is a summary of people's opinions on the issue.<br><hr><br><p>Based on the comments provided, the overwhelming majority express strong opposition to academic funding cuts, viewing them as detrimental to education, innovation, and the nation's future. A significant portion of commentators describe the policy as short-sighted, arguing that it undermines the foundation of society by jeopardizing basic education, advanced research, and long-term economic competitiveness. Many express concern that these cuts will disproportionately harm students, particularly those from lower-income backgrounds, and could lead to a ""brain drain"" as researchers seek opportunities abroad.</p>
<p>A smaller percentage of comments acknowledge potential justifications for the cuts, such as addressing perceived political bias in academia or reducing wasteful spending, though these commentators often still express reservations about the policy's implementation and potential negative consequences. A very small minority voice support for the decision, trusting the administration's rationale.</p>
<p>Recurring themes include the vital role of education in societal progress, the importance of research for medical and technological advances, and concerns that the policy reflects a broader strategy to limit critical thinking or control the populace. The emotional tone is largely characterized by anger, frustration, and fear for the future.</p>",deepseek-chat,
